이후기간(2010년이후) \ 종전기간(2009년이전),32년이상,31년이상~32년미만,30년이상~31년미만,29년이상~30년미만,28년이상~29년미만,27년이상~28년미만,26년이상~27년미만,25년이상~26년미만,24년이상~25년미만,23년이상~24년미만,22년이상~23년미만,21년이상~22년미만,20년이상~21년미만,19년이상~20년미만,18년이상~19년미만,17년이상~18년미만,16년이상~17년미만,15년이상~16년미만,14년이상~15년미만,13년이상~14년미만,12년이상~13년미만,11년이상~12년미만,10년이상~11년미만,9년이상~10년미만,8년이상~9년미만,7년이상~8년미만,6년이상~7년미만,5년이상~6년미만,4년이상~5년미만,3년이상~4년미만,2년이상~3년미만,1년이상~2년미만,1월이상~1년미만,신규자
~1년이하,67.46,67.46,67.46,67.46,67.46,67.46,67.46,67.46,67.46,67.46,67.46,67.46,67.46,84.33,84.33,84.33,84.33,84.33,84.33,84.33,84.33,84.33,84.33,83.69,83.04,81.9,81.76,81.11,80.47,79.83,79.18,78.54,77.9,77.25
1년초과~2년이하,,67.94,67.94,67.94,67.94,67.94,67.94,67.94,67.94,67.94,67.94,67.94,67.94,76.43,84.92,84.92,84.92,84.92,84.92,84.92,84.92,84.92,84.92,84.53,83.88,82.72,82.58,81.93,81.28,80.63,79.98,79.33,78.68,78.03
2년초과~3년이하,,,68.42,68.42,68.42,68.42,68.42,68.42,68.42,68.42,68.42,68.42,68.42,74.12,79.82,85.53,85.53,85.53,85.53,85.53,85.53,85.53,85.53,84.87,84.22,83.06,82.92,82.26,81.61,80.96,80.31,79.66,79.0,78.35
3년초과~4년이하,,,,68.91,68.91,68.91,68.91,68.91,68.91,68.91,68.91,68.91,68.91,73.22,77.52,81.83,86.14,86.14,86.14,86.14,86.14,86.14,86.14,85.48,84.82,83.65,83.51,82.85,82.2,81.54,80.88,80.22,79.57,78.91
4년초과~5년이하,,,,,69.48,69.48,69.48,69.48,69.48,69.48,69.48,69.48,69.48,72.95,76.43,79.9,83.37,86.85,86.85,86.85,86.85,86.85,86.85,86.18,85.52,84.34,84.2,83.54,82.87,82.21,81.55,80.89,80.22,79.56
5년초과~6년이하,,,,,,69.91,69.91,69.91,69.91,69.91,69.91,69.91,69.91,72.82,75.74,78.65,81.56,84.47,87.39,87.39,87.39,87.39,87.39,86.72,86.05,84.87,84.72,84.05,83.39,82.72,82.06,81.39,80.72,80.06
6년초과~7년이하,,,,,,,70.49,70.49,70.49,70.49,70.49,70.49,70.49,73.01,75.53,78.05,80.57,83.08,85.6,88.12,88.12,88.12,88.12,87.45,86.77,85.58,85.43,84.76,84.09,83.41,82.74,82.07,81.4,80.72
7년초과~8년이하,,,,,,,,71.01,71.01,71.01,71.01,71.01,71.01,73.23,75.45,77.67,79.89,82.11,84.33,86.55,88.77,88.77,88.77,88.09,87.41,86.21,86.06,85.38,84.7,84.03,83.35,82.67,82.0,81.32
8년초과~9년이하,,,,,,,,,71.39,71.39,71.39,71.39,71.39,73.37,75.36,77.34,79.32,81.3,83.29,85.27,87.25,89.24,89.24,88.56,87.88,86.66,86.51,85.83,85.15,84.47,83.79,83.11,82.43,81.75
9년초과~10년이하,,,,,,,,,,72.0,72.0,72.0,72.0,73.8,75.6,77.4,79.2,81.0,82.8,84.6,86.4,88.2,90.0,89.31,88.63,87.4,87.25,86.57,85.88,85.19,84.51,83.82,83.13,82.45
10년초과~11년이하,,,,,,,,,,,72.39,72.39,72.39,74.03,75.68,77.32,78.97,80.61,82.26,83.9,85.55,87.19,88.84,89.79,89.1,87.87,87.72,87.03,86.34,85.65,84.96,84.27,83.58,82.89
11년초과~12년이하,,,,,,,,,,,,73.09,73.09,74.61,76.14,77.66,79.18,80.7,82.23,83.75,85.27,86.8,88.32,89.16,89.97,88.73,88.58,87.88,87.18,86.49,85.79,85.09,84.4,83.7
12년초과~13년이하,,,,,,,,,,,,,73.89,75.31,76.73,78.15,79.58,81.0,82.42,83.84,85.26,86.68,88.1,88.84,89.56,89.7,89.55,88.84,88.14,87.43,86.73,86.02,85.32,84.62
13년초과~14년이하,,,,,,,,,,,,,,76.13,77.46,78.8,80.14,81.47,82.81,84.14,85.48,86.81,88.15,88.8,89.43,89.5,90.64,89.93,89.21,88.5,87.79,87.07,86.36,85.65
14년초과~15년이하,,,,,,,,,,,,,,,78.24,79.5,80.76,82.03,83.29,84.55,85.81,87.07,88.34,88.91,89.47,89.46,90.53,91.04,90.31,89.59,88.87,88.15,87.43,86.7
15년초과~16년이하,,,,,,,,,,,,,,,,80.35,81.55,82.75,83.95,85.14,86.34,87.54,88.74,89.26,89.75,89.68,90.68,91.13,91.55,90.82,90.08,89.35,88.62,87.89
16년초과~17년이하,,,,,,,,,,,,,,,,,82.29,83.44,84.58,85.72,86.87,88.01,89.15,89.61,90.04,89.91,90.86,91.25,91.62,91.97,91.22,90.48,89.74,89.0
17년초과~18년이하,,,,,,,,,,,,,,,,,,84.29,85.38,86.47,87.57,88.66,89.76,90.16,90.54,90.36,91.26,91.6,91.92,92.22,92.5,91.75,91.0,90.25
18년초과~19년이하,,,,,,,,,,,,,,,,,,,86.14,87.19,88.24,89.29,90.34,90.7,91.03,90.8,91.66,91.95,92.22,92.48,92.72,92.95,92.19,91.42
19년초과~20년이하,,,,,,,,,,,,,,,,,,,,87.86,88.87,89.88,90.89,91.2,91.5,91.21,92.04,92.28,92.52,92.73,92.93,93.12,93.29,92.52
20년초과~21년이하,,,,,,,,,,,,,,,,,,,,,89.67,90.64,91.62,91.89,92.14,91.82,92.6,92.81,93.01,93.19,93.35,93.5,93.63,92.86
21년초과~22년이하,,,,,,,,,,,,,,,,,,,,,,91.47,92.41,92.64,92.86,92.49,93.25,93.42,93.58,93.72,93.85,93.97,94.07,93.3
22년초과~23년이하,,,,,,,,,,,,,,,,,,,,,,,93.26,93.46,93.64,93.24,93.96,94.1,94.23,94.34,94.44,94.52,94.59,93.81
23년초과~24년이하,,,,,,,,,,,,,,,,,,,,,,,,94.46,94.61,94.16,94.86,94.97,95.07,95.15,95.22,95.28,95.32,94.53
24년초과~25년이하,,,,,,,,,,,,,,,,,,,,,,,,,95.64,95.16,95.84,95.92,95.98,96.04,96.08,96.11,96.12,95.33
25년초과~26년이하,,,,,,,,,,,,,,,,,,,,,,,,,,96.10,96.75,96.80,96.84,96.87,96.88,96.89,96.87,96.07
26년초과~27년이하,,,,,,,,,,,,,,,,,,,,,,,,,,,97.86,97.88,97.9,97.9,97.89,97.86,97.82,97.02
27년초과~28년이하,,,,,,,,,,,,,,,,,,,,,,,,,,,,98.9,98.89,98.86,98.83,98.78,98.72,97.9
28년초과~29년이하,,,,,,,,,,,,,,,,,,,,,,,,,,,,,100.08,100.03,99.97,99.9,99.81,98.99
29년초과~30년이하,,,,,,,,,,,,,,,,,,,,,,,,,,,,,,101.12,101.04,100.94,100.84,100.0
30년초과~31년이하,,,,,,,,,,,,,,,,,,,,,,,,,,,,,,,102.17,102.06,101.93,101.09
31년초과~32년이하,,,,,,,,,,,,,,,,,,,,,,,,,,,,,,,,103.23,103.08,102.23
32년초과,,,,,,,,,,,,,,,,,,,,,,,,,,,,,,,,,104.3,103.44
